title,price,cpu,ram,graphic,SSD,resolution
โน๊ตบุ๊ค Asus ROG Zephyrus G16 GU605MI-QR225WF Gaming Notebook,"฿94,990",Intel Core Ultra 9 185H,32GB DDR5,NVIDIA GeForce RTX 4070 Laptop,1TB SSD,"2560 x 1600 16"" 240Hz OLED"
โน๊ตบุ๊ค Asus ROG Strix G16 G614JVR-N4051W Gaming Notebook,"฿69,990",Intel Core i9-14900HX,16GB DDR5,NVIDIA GeForce RTX 4060 Laptop,1TB SSD,"2560 x 1600 16"" 240Hz IPS"
โน๊ตบุ๊ค Asus TUF A15 FA506NF-HN005W Gaming Notebook,"฿21,990",AMD Ryzen 5 7535HS,8GB DDR5,NVIDIA GeForce RTX 2050 Laptop,512GB SSD,"1920 x 1080 (Full HD) 15.6"" 144Hz IPS"
โน๊ตบุ๊ค Lenovo LEGION 5 16IRX9-83DG0053TA Gaming Notebook,"฿51,990",Intel Core i5-13450HX,16GB DDR5,NVIDIA GeForce RTX 4060 Laptop,512GB SSD,"2560 x 1600 16"" 144Hz IPS"
โน๊ตบุ๊ค Lenovo LOQ 15ARP9-83JC003NTA Gaming Notebook,"฿34,990",AMD Ryzen 7 7435HS,24GB DDR5,NVIDIA GeForce RTX 4050 Laptop,512GB SSD,"1920 x 1080 (Full HD) 15.6"" 144Hz IPS"
โน๊ตบุ๊ค Lenovo LOQ 15IRX9-83DV00LFTA Gaming Notebook,"฿39,990",Intel Core i7-13650HX,24GB DDR5,NVIDIA GeForce RTX 4050 Laptop,512GB SSD,"1920 x 1080 (Full HD) 15.6"" 144Hz IPS"
โน๊ตบุ๊ค Asus TUF A15 FA506NCR-HN007W Gaming Notebook,"฿26,990",AMD Ryzen 7 7435HS,8GB DDR5,NVIDIA GeForce RTX 3050 Laptop,512GB,"1920 x 1080 (Full HD) 15.6"" 144Hz IPS"
โน๊ตบุ๊ค Asus TUF F15 FX507ZC4-HN060W Gaming Notebook,"฿32,990",Intel Core i7-12700H,8GB DDR4,NVIDIA GeForce RTX 3050 Laptop,512GB SSD,"1920 x 1080 (Full HD) 15.6"" 144Hz IPS"
โน๊ตบุ๊ค Asus TUF F15 FX507VU-LP141W Gaming Notebook,"฿37,990",Intel Core i7-13620H,16GB DDR5,NVIDIA GeForce RTX 4050 Laptop,512GB SSD,"1920 x 1080 (Full HD) 15.6"" 144Hz IPS"
โน๊ตบุ๊ค Lenovo LOQ 15ARP9 83JC003PTA Gaming Notebook,"฿38,990",AMD Ryzen 7 7435HS,24GB DDR5,NVIDIA GeForce RTX 4060 Laptop,512GB SSD,"1920 x 1080 (Full HD) 15.6"" 144Hz"
โน๊ตบุ๊ค Acer Nitro 16 AN16-43-R96D Notebook,"฿48,990",AMD Ryzen 7 8845HS,16GB DDR5,NVIDIA GeForce RTX 4060 Laptop,512GB SSD,"2560 x 1600 16"" 165Hz IPS"
โน๊ตบุ๊ค Acer Nitro 16 AN16-43-R02C Notebook,"฿42,490",AMD Ryzen 7 8845HS,16GB DDR5,NVIDIA GeForce RTX 4050 Laptop,512GB SSD,"2560 x 1600 16"" 165Hz IPS"
โน๊ตบุ๊ค Asus TUF F17 FX707ZC4-HX080W Gaming Notebook,"฿32,990",Intel Core i5-12500H,16GB DDR4,NVIDIA GeForce RTX 3050 Laptop,512GB SSD,"1920 x 1080 (Full HD) 17.3"" 144Hz IPS"
โน๊ตบุ๊ค Gigabyte G5 KF5-H3TH393KH Gaming Notebook,"฿35,990",Intel Core i7-13620H,16GB DDR5,NVIDIA GeForce RTX 4060 Laptop,512GB SSD,"1920 x 1080 (Full HD) 15.6"" 144Hz IPS"
โน๊ตบุ๊ค Gigabyte G6X 9MG-42TH854SH Gaming Notebook,"฿35,990",Intel Core i7-13650HX,16GB DDR5,NVIDIA GeForce RTX 4050 Laptop,1TB SSD,"1920 x 1200 16"" 165Hz IPS"
โน๊ตบุ๊ค Dell Alienware M16 R2 CANM162CTO01GTH Gaming Notebook,"฿82,990",Intel Core Ultra 7 155H,32GB DDR5,NVIDIA GeForce RTX 4060 Laptop,1TB SSD,"2560 x 1600 16"" 240Hz"
โน๊ตบุ๊ค Lenovo Legion Pro 5 16IRX9-83DF007UTA Gaming Notebook,"฿75,990",Intel Core i9-14900HX,32GB DDR5,NVIDIA GeForce RTX 4070 Laptop,1TB SSD,"2560 x 1600 16"" 240Hz IPS"
โน๊ตบุ๊ค Lenovo Legion Pro 7 16IRX9H-83DE003JTA Gaming Notebook,"฿114,990",Intel Core i9-14900HX,32GB DDR5,NVIDIA GeForce RTX 4080 Laptop,2TB SSD,"2560 x 1600 16"" 240Hz IPS"
โน๊ตบุ๊ค HP Victus 15-fb2022AX Gaming Notebook,"฿37,990",AMD Ryzen 7 8840H,16GB DDR5,NVIDIA GeForce RTX 4060 Laptop,1TB SSD,"1920 x 1080 (Full HD) 15.6"" 144Hz IPS"
โน๊ตบุ๊ค HP Victus 15-fb2023AX Gaming Notebook,"฿34,990",AMD Ryzen 7 8840H,16GB DDR5,NVIDIA GeForce RTX 4050 Laptop,1TB SSD,"1920 x 1080 (Full HD) 15.6"" 144Hz IPS"
โน๊ตบุ๊ค Lenovo Legion Pro 5 16IRX9-83DF007UTA Gaming Notebook,"฿75,990",Intel Core i9-14900HX,32GB DDR5,NVIDIA GeForce RTX 4070 Laptop,1TB SSD,"2560 x 1600 16"" 240Hz IPS"
โน๊ตบุ๊ค Lenovo Legion Pro 7 16IRX9H-83DE003JTA Gaming Notebook,"฿114,990",Intel Core i9-14900HX,32GB DDR5,NVIDIA GeForce RTX 4080 Laptop,2TB SSD,"2560 x 1600 16"" 240Hz IPS"
โน๊ตบุ๊ค HP Victus 15-fb2022AX Gaming Notebook,"฿37,990",AMD Ryzen 7 8840H,16GB DDR5,NVIDIA GeForce RTX 4060 Laptop,1TB SSD,"1920 x 1080 (Full HD) 15.6"" 144Hz IPS"
โน๊ตบุ๊ค HP Victus 15-fb2023AX Gaming Notebook,"฿34,990",AMD Ryzen 7 8840H,16GB DDR5,NVIDIA GeForce RTX 4050 Laptop,1TB SSD,"1920 x 1080 (Full HD) 15.6"" 144Hz IPS"
โน๊ตบุ๊ค HP Omen Transcend 14-fb0081TX Gaming Notebook,"฿69,990",Intel Core Ultra 9 185H,32GB DDR5,NVIDIA GeForce RTX 4060 Laptop,1TB SSD,"2880 x 1800 14"" 120Hz OLED"
โน๊ตบุ๊ค HP Victus 16-r1129TX Gaming Notebook,"฿59,990",Intel Core i7-14650HX,32GB DDR5,NVIDIA GeForce RTX 4070 Laptop,1TB SSD,"2560 x 1440 (2K QHD) 16.1"" 165Hz IPS"
โน๊ตบุ๊ค HP Omen 16-wf1073TX Gaming Notebook,"฿66,990",Intel Core i9-14900HX,32GB DDR5,NVIDIA GeForce RTX 4060 Laptop,1TB SSD,"2560 x 1440 (2K QHD) 16.1"" 240Hz IPS"
โน๊ตบุ๊ค HP Omen Transcend 16-u1039TX Gaming Notebook,"฿73,990",Intel Core i9-14900HX,32GB DDR5,NVIDIA GeForce RTX 4060 Laptop,1TB SSD,"2560 x 1600 16"" 240Hz OLED"
โน๊ตบุ๊ค HP Omen Transcend 14-fb0082TX Gaming Notebook,"฿59,990",Intel Core Ultra 7 155H,16GB DDR5,NVIDIA GeForce RTX 4060 Laptop,1TB SSD,"2880 x 1800 14"" 120Hz OLED"
โน๊ตบุ๊ค Gigabyte AORUS 16X AKG-53THC54SH Gaming Notebook,"฿59,990",Intel Core i7-14650HX,16GB DDR5,NVIDIA GeForce RTX 4060 Laptop,1TB SSD,"2560 x 1600 16"" 165Hz IPS"
โน๊ตบุ๊ค Gigabyte AORUS 16X ASG-63THC64SH Gaming Notebook,"฿75,990",Intel Core i9-14900HX,32GB DDR5,NVIDIA GeForce RTX 4070 Laptop,1TB SSD,"2560 x 1600 16"" 165Hz IPS"
โน๊ตบุ๊ค Lenovo LOQ 15APH8-82XT009KTA Gaming Notebook,"฿26,990",AMD Ryzen 5 7640HS,16GB DDR5,NVIDIA GeForce RTX 3050 Laptop,512GB SSD,"1920 x 1080 (Full HD) 15.6"" 144Hz IPS"
โน๊ตบุ๊ค MSI Thin 15 B13UCX-1610TH Gaming Notebook,"฿18,990",Intel Core i5-13420H,8GB DDR4,NVIDIA GeForce RTX 2050 Laptop,512GB SSD,"1920 x 1080 (Full HD) 15.6"" 144Hz IPS"
โน๊ตบุ๊ค MSI Cyborg 15 A13VEK-875TH Gaming Notebook,"฿32,490",Intel Core i5-13420H,16GB DDR5,NVIDIA GeForce RTX 4050 Laptop,512GB SSD,"1920 x 1080 (Full HD) 15.6"" 144Hz IPS"
โน๊ตบุ๊ค MSI Raider GE78HX 14VIG-612TH Gaming Notebook,"฿139,990",Intel Core i9-14900HX,64GB DDR5,NVIDIA GeForce RTX 4090 Laptop,2TB SSD,"2560 x 1600 17"" 240Hz IPS"
โน๊ตบุ๊ค MSI Raider GE78HX 14VHG-605TH Gaming Notebook,"฿113,990",Intel Core i9-14900HX,32GB DDR5,NVIDIA GeForce RTX 4080 Laptop,2TB SSD,"2560 x 1600 17"" 240Hz IPS"
โน๊ตบุ๊ค MSI Raider GE68HX 14VIG-284TH Gaming Notebook,"฿124,990",Intel Core i9-14900HX,32GB DDR5,NVIDIA GeForce RTX 4090 Laptop,2TB SSD,"2560 x 1600 16"" 240Hz IPS"
โน๊ตบุ๊ค MSI Raider GE68HX 14VGG-251TH Gaming Notebook,"฿86,990",Intel Core i9-14900HX,32GB DDR5,NVIDIA GeForce RTX 4070 Laptop,1TB SSD,"2560 x 1600 16"" 240Hz IPS"
โน๊ตบุ๊ค Asus ROG Strix G18 G814JVR-N6019W Gaming Notebook,"฿74,990",Intel Core i9-14900HX,16GB DDR5,NVIDIA GeForce RTX 4060 Laptop,1TB SSD,"2560 x 1600 18"" 240Hz IPS"
โน๊ตบุ๊ค Asus ROG Strix Scar 16 G634JZR-RA040W Gaming Notebook,"฿104,990",Intel Core i9-14900HX,32GB DDR5,NVIDIA GeForce RTX 4080 Laptop,1TB SSD,"2560 x 1600 16"" 240Hz"
โน๊ตบุ๊ค Asus ROG Strix Scar 18 G834JZR-R6046W Gaming Notebook,"฿109,990",Intel Core i9-14900HX,32GB DDR5,NVIDIA GeForce RTX 4080 Laptop,1TB SSD,"2560 x 1600 18"" 240Hz"
โน๊ตบุ๊ค Asus ROG Strix G18 G814JIR-N6013W Gaming Notebook,"฿94,990",Intel Core i9-14900HX,32GB DDR5,NVIDIA GeForce RTX 4070 Laptop,1TB SSD,"2560 x 1600 18"" 240Hz IPS"
โน๊ตบุ๊ค Asus ROG Strix Scar 18 G834JYR-R6052W Gaming Notebook,"฿149,990",Intel Core i9-14900HX,32GB DDR5,NVIDIA GeForce RTX 4090 Laptop,2TB SSD,"2560 x 1600 18"" 240Hz"
โน๊ตบุ๊ค Asus TUF F15 FX507VU-LP150W Gaming Notebook,"฿37,990",Intel Core i7-13620H,16GB DDR5,NVIDIA GeForce RTX 4050 Laptop,512GB SSD,"1920 x 1080 (Full HD) 15.6"" 144Hz IPS"
โน๊ตบุ๊ค Acer Nitro V 15 ANV15-51-574G Gaming Notebook,"฿29,990",Intel Core i5-13420H,16GB DDR5,NVIDIA GeForce RTX 4050 Laptop,512GB SSD,"1920 x 1080 (Full HD) 15.6"" 144Hz IPS"
โน๊ตบุ๊ค Gigabyte G6 KF-H3TH853SH Gaming Notebook,"฿36,990",Intel Core i7-13620H,16GB DDR5,NVIDIA GeForce RTX 4060 Laptop,512GB SSD,"1920 x 1200 16"" 165Hz"
โน๊ตบุ๊ค Gigabyte AORUS 16 BSF-73TH654SH Gaming Notebook,"฿53,990",Intel Core i7-13700H,16GB DDR5,NVIDIA GeForce RTX 4070 Laptop,1TB SSD,"2560 x 1600 16"" 240Hz"
โน๊ตบุ๊ค Acer Nitro 16 AN16-41-R6MV Gaming Notebook,"฿55,990",AMD Ryzen 9 7940HS,16GB DDR5,NVIDIA GeForce RTX 4060 Laptop,1TB SSD,"2560 x 1600 16"" 165Hz IPS"
โน๊ตบุ๊ค Acer Predator Helios 16 PH16-71-9587 Gaming Notebook,"฿102,900",Intel Core i9-13900HX,32GB DDR5,NVIDIA GeForce RTX 4080 Laptop,2TB SSD,"2560 x 1600 16"" 240Hz IPS"
โน๊ตบุ๊ค MSI Vector GP68HX 13VG-202TH Gaming Notebook,"฿82,990",Intel Core i9-13980HX,32GB DDR5,NVIDIA GeForce RTX 4070 Laptop,1TB SSD,"2560 x 1600 16"" 240Hz IPS"
โน๊ตบุ๊ค Lenovo Legion Pro 5 16ARX8-82WM008BTA Gaming Notebook,"฿79,990",AMD Ryzen 9 7945HX,32GB DDR5,NVIDIA GeForce RTX 4070 Laptop,1TB SSD,"2560 x 1600 16"" 240Hz IPS"
โน๊ตบุ๊ค Asus ROG Flow X13 GV302XU-MU018WS Gaming Notebook,"฿59,990",AMD Ryzen 9 7940HS,16GB DDR5,NVIDIA GeForce RTX 4050 Laptop,1TB SSD,"2560 x 1600 13.4"" 165Hz IPS"
โน๊ตบุ๊ค Asus ROG Strix G16 G614JI-N4089W Gaming Notebook,"฿76,990",Intel Core i9-13980HX,32GB DDR5,NVIDIA GeForce RTX 4070 Laptop,1TB SSD,"2560 x 1600 16"" 240Hz IPS"
โน๊ตบุ๊ค Gigabyte AORUS 15X ASF-B3TH754SH Gaming Notebook,"฿84,990",Intel Core i9-13900HX,16GB DDR5,NVIDIA GeForce RTX 4070 Laptop,1TB SSD,"2560 x 1440 (2K QHD) 15.6"" 165Hz"
โน๊ตบุ๊ค Lenovo Legion 5 15IAH7H-82RB00Q5TA Gaming Notebook,"฿61,990",Intel Core i7-12700H,16GB DDR5,NVIDIA GeForce RTX 3070 Laptop,512GB SSD,"2560 x 1440 (2K QHD) 15.6"" 165Hz IPS"
โน๊ตบุ๊ค Lenovo Legion 5 Pro 16IAH7H-82RF00F2TA Gaming Notebook,"฿72,990",Intel Core i9-12900H,32GB DDR5,NVIDIA GeForce RTX 3070 Laptop,1TB SSD,"2560 x 1600 16"" 165Hz IPS"
โน๊ตบุ๊ค Lenovo IdeaPad Gaming 3 15ARH7-82SB00JETA Gaming Notebook,"฿26,990",AMD Ryzen 5 7535HS,8GB DDR5,NVIDIA GeForce RTX 2050 Laptop,512GB SSD,"1920 x 1080 (Full HD) 15.6"" 120Hz IPS"
โน๊ตบุ๊ค MSI Thin A15 B7VE-045TH Gaming Notebook,"฿25,990",AMD Ryzen 5 7535HS,16GB DDR5,NVIDIA GeForce RTX 4050 Laptop,512GB SSD,"1920 x 1080 (Full HD) 15.6"" 144Hz IPS"
โน๊ตบุ๊ค Asus TUF A15 FA506NF-HN012W Gaming Notebook,"฿23,990",AMD Ryzen 5 7535HS,16GB DDR5,NVIDIA GeForce RTX 2050 Laptop,512GB SSD,"1920 x 1080 (Full HD) 15.6"" 144Hz IPS"
โน๊ตบุ๊ค HP Omen 16-wf1072TX Gaming Notebook,"฿79,990",Intel Core i9-14900HX,32GB DDR5,NVIDIA GeForce RTX 4070 Laptop,1TB SSD,"2560 x 1440 (2K QHD) 16.1"" 240Hz IPS"
โน๊ตบุ๊ค MSI Katana A17 AI B8VF-841TH Gaming Notebook,"฿41,990",AMD Ryzen 7 8840H,16GB DDR5,NVIDIA GeForce RTX 4060 Laptop,512GB SSD,"1920 x 1080 (Full HD) 17.3"" 144Hz IPS"
โน๊ตบุ๊ค HP Victus 15-fa1069TX Gaming Notebook,"฿29,990",Intel Core i5-13500H,16GB DDR4,NVIDIA GeForce RTX 4050 Laptop,512GB SSD,"1920 x 1080 (Full HD) 15.6"" 144Hz IPS"
โน๊ตบุ๊ค Asus TUF A15 FA507NV-LP023W Gaming Notebook,"฿40,990",AMD Ryzen 7 7735HS,16GB DDR5,NVIDIA GeForce RTX 4060 Laptop,512GB SSD,"1920 x 1080 (Full HD) 15.6"" 144Hz IPS"
โน๊ตบุ๊ค MSI Cyborg 15 A12VF-808TH Gaming Notebook,"฿33,990",Intel Core i7-12650H,16GB DDR5,NVIDIA GeForce RTX 4060 Laptop,512GB SSD,"1920 x 1080 (Full HD) 15.6"" 144Hz IPS"
โน๊ตบุ๊ค Asus ROG Zephyrus G16 GU605MV-QR198WS Gaming Notebook,"฿74,990",Intel Core Ultra 9 185H,16GB DDR5,NVIDIA GeForce RTX 4060 Laptop,1TB SSD,"2560 x 1600 16"" 240Hz OLED"
โน๊ตบุ๊ค MSI Thin 15 B13VE-1608TH Gaming Notebook,"฿26,990",Intel Core i5-13420H,16GB DDR4,NVIDIA GeForce RTX 4050 Laptop,512GB SSD,"1920 x 1080 (Full HD) 15.6"" 144Hz IPS"
โน๊ตบุ๊ค MSI Thin A15 B7VF-044TH Gaming Notebook,"฿33,990",AMD Ryzen 7 7735HS,16GB DDR5,NVIDIA GeForce RTX 4060 Laptop,512GB SSD,"1920 x 1080 (Full HD) 15.6"" 144Hz IPS"
โน๊ตบุ๊ค Asus ROG Strix G16 G614JIR-N4046W Gaming Notebook,"฿84,990",Intel Core i9-14900HX,32GB DDR5,NVIDIA GeForce RTX 4070 Laptop,1TB SSD,"2560 x 1600 16"" 240Hz IPS"
โน๊ตบุ๊ค Gigabyte AORUS 16 BKF-73TH654SH Gaming Notebook,"฿43,990",Intel Core i7-13700H,16GB DDR5,NVIDIA GeForce RTX 4060 Laptop,1TB SSD,"2560 x 1600 16"" 240Hz"
โน๊ตบุ๊ค Lenovo LOQ 15APH8-82XT004FTA Gaming Notebook,"฿29,990",AMD Ryzen 5 7640HS,8GB DDR5,NVIDIA GeForce RTX 3050 Laptop,512GB SSD,"1920 x 1080 (Full HD) 15.6"" 144Hz IPS"
โน๊ตบุ๊ค Colorful X15 AT-i9/16/512 Gaming Notebook [เคลียร์สต๊อก หมดประกัน],"฿39,990",Intel Core i9-12900H,16GB DDR4,NVIDIA GeForce RTX 3060 Laptop,512GB SSD,"1920 x 1080 (Full HD) 15.6"" 144Hz IPS"
โน๊ตบุ๊ค HP Victus 16-wf1148TX Gaming Notebook,"฿56,990",Intel Core i7-14700HX,32GB DDR5,NVIDIA GeForce RTX 4060 Laptop,1TB SSD,"2560 x 1440 (2K QHD) 16.1"" 240Hz IPS"
โน๊ตบุ๊ค HP Victus 16-s1118AX Gaming Notebook,"฿40,990",AMD Ryzen 7 8845HS,32GB DDR5,NVIDIA GeForce RTX 4060 Laptop,1TB SSD,"1920 x 1080 (Full HD) 16.1"" 165Hz IPS"
โน๊ตบุ๊ค HP Victus 16-r1213TX Gaming Notebook,"฿43,990",Intel Core i7-14650HX,16GB DDR5,NVIDIA GeForce RTX 4060 Laptop,512GB SSD,"1920 x 1080 (Full HD) 16.1"" 165Hz IPS"
โน๊ตบุ๊ค HP Victus 16-r1118TX Gaming Notebook,"฿39,990",Intel Core i5-14450HX,16GB DDR5,NVIDIA GeForce RTX 4080 Laptop,512GB SSD,"1920 x 1080 (Full HD) 16.1"" 165Hz IPS"
โน๊ตบุ๊ค HP Victus 16-r1122TX Gaming Notebook,"฿42,990",Intel Core i5-14450HX,16GB DDR5,NVIDIA GeForce RTX 4060 Laptop,1TB SSD,"2560 x 1440 (2K QHD) 16.1"" 165Hz IPS"
โน๊ตบุ๊ค Lenovo LEGION 5 16IRX9-83DG00DCTA Gaming Notebook,"฿56,990",Intel Core i7-14650HX,16GB DDR5,NVIDIA GeForce RTX 4060 Laptop,1TB SSD,"2560 x 1600 16"" 240Hz IPS"
โน๊ตบุ๊ค Lenovo LOQ 15ARP9-83JC003MTA Gaming Notebook,"฿30,990",AMD Ryzen 5 7235HS,24GB DDR5,NVIDIA GeForce RTX 3050 Laptop,512GB SSD,"1920 x 1080 (Full HD) 15.6"" 144Hz IPS"
โน๊ตบุ๊ค Lenovo LOQ 15IRX9-83DV00LGTA Gaming Notebook,"฿35,990",Intel Core i7-13650HX,24GB DDR5,NVIDIA GeForce RTX 3050 Laptop,512GB SSD,"1920 x 1080 (Full HD) 15.6"" 144Hz IPS"
โน๊ตบุ๊ค Lenovo LOQ 15IAX9-83GS00CQTA Gaming Notebook,"฿28,990",Intel Core i5-12450HX,24GB DDR5,NVIDIA GeForce RTX 3050 Laptop,512GB SSD,"1920 x 1080 (Full HD) 15.6"" 144Hz IPS"
โน๊ตบุ๊ค Lenovo LOQ 15IAX9-83GS00CPTA Gaming Notebook,"฿26,990",Intel Core i5-12450HX,24GB DDR5,NVIDIA GeForce RTX 2050 Laptop,512GB SSD,"1920 x 1080 (Full HD) 15.6"" 144Hz IPS"
โน๊ตบุ๊ค Asus TUF A15 FA507NUR-LP037W Gaming Notebook,"฿33,990",AMD Ryzen 7 7435HS,16GB DDR5,NVIDIA GeForce RTX 4050 Laptop,512GB SSD,"1920 x 1080 (Full HD) 15.6"" 144Hz IPS"
โน๊ตบุ๊ค Asus TUF A15 FA507NVR-LP037W Gaming Notebook,"฿37,990",AMD Ryzen 7 7435HS,16GB DDR5,NVIDIA GeForce RTX 4060 Laptop,512GB SSD,"1920 x 1080 (Full HD) 15.6"" 144Hz IPS"
โน๊ตบุ๊ค Asus TUF A15 FA506NFR-HN005W Gaming Notebook,"฿23,990",AMD Ryzen 7 7435HS,8GB DDR5,NVIDIA GeForce RTX 2050 Laptop,512GB SSD,"1920 x 1080 (Full HD) 15.6"" 144Hz IPS"
โน๊ตบุ๊ค MSI Thin 15 B13UCX-2417TH Gaming Notebook,"฿22,990",Intel Core i7-13620H,8GB DDR4,NVIDIA GeForce RTX 2050 Laptop,512GB SSD,"1920 x 1080 (Full HD) 15.6"" 144Hz IPS"
โน๊ตบุ๊ค MSI Thin 15 B12UCX-2418TH Gaming Notebook,"฿20,990",Intel Core i7-12650H,8GB DDR4,NVIDIA GeForce RTX 2050 Laptop,512GB SSD,"1920 x 1080 (Full HD) 15.6"" 144Hz IPS"
โน๊ตบุ๊ค MSI Thin 15 B13UC-2415TH Gaming Notebook,"฿27,490",Intel Core i7-13620H,16GB DDR4,NVIDIA GeForce RTX 3050 Laptop,512GB SSD,"1920 x 1080 (Full HD) 15"" 144Hz IPS"
โน๊ตบุ๊ค MSI Raider GE68 HX 14VHG-639TH Gaming Notebook,"฿119,990",Intel Core i9-14900HX,32GB DDR5,NVIDIA GeForce RTX 4080 Laptop,2TB SSD,"3840 x 2160 (4K UHD) 16"" 120Hz IPS"
โน๊ตบุ๊ค MSI Raider A18 HX A7VHG-005TH Gaming Notebook,"฿114,990",AMD Ryzen 9 7945HX,32GB DDR5,NVIDIA GeForce RTX 4080 Laptop,1TB SSD,"2560 x 1440 (2K QHD) 18"" 240Hz IPS"
โน๊ตบุ๊ค MSI Titan 18 HX A14VIG-403TH Gaming Notebook,"฿169,990",Intel Core i9-14900HX,64GB DDR5,NVIDIA GeForce RTX 4090 Laptop,2TB SSD,"3840 x 2160 (4K UHD) 18"" 120Hz IPS"
โน๊ตบุ๊ค MSI Stealth 16 MercedesAMG A1VGG-261TH Gaming Notebook,"฿104,490",Intel Core Ultra 9 Series 1,32GB DDR5,NVIDIA GeForce RTX 4070 Laptop,2TB SSD,"2560 x 1440 (2K QHD) 16"" 240Hz OLED"
โน๊ตบุ๊ค MSI Stealth 18 MercedesAMG A1VHG-062TH Gaming Notebook,"฿145,990",Intel Core Ultra 9 185H,64GB DDR5,NVIDIA GeForce RTX 4080 Laptop,2TB SSD,"3840 x 2160 (4K UHD) 18"" 120Hz IPS"
โน๊ตบุ๊ค MSI Katana 17 B13VGK-1269TH Gaming Notebook,"฿54,990",Intel Core i9-13900H,16GB DDR5,NVIDIA GeForce RTX 4070 Laptop,1TB SSD,"1920 x 1080 (Full HD) 17.3"" 144Hz IPS"
โน๊ตบุ๊ค MSI Sword 16 HX B14VEKG-431TH Gaming Notebook,"฿44,990",Intel Core i7-14650HX,16GB DDR5,NVIDIA GeForce RTX 4050 Laptop,1TB SSD,"1920 x 1080 (Full HD) 16"" 144Hz IPS"
โน๊ตบุ๊ค MSI Sword 16 HX B14VGKG-433TH Gaming Notebook,"฿56,990",Intel Core i7-14650HX,16GB DDR5,NVIDIA GeForce RTX 4070 Laptop,1TB SSD,"1920 x 1080 (Full HD) 16"" 144Hz IPS"
โน๊ตบุ๊ค MSI Sword 17 HX B14VFKG-088TH Gaming Notebook,"฿53,990",Intel Core i7-14650HX,16GB DDR5,NVIDIA GeForce RTX 4060 Laptop,1TB SSD,"1920 x 1080 (Full HD) 17"" 165Hz IPS"
โน๊ตบุ๊ค MSI Pulse 16 AI C1VFKG-057TH Gaming Notebook,"฿59,990",Intel Core Ultra 9 185H,16GB DDR5,NVIDIA GeForce RTX 4060 Laptop,1TB SSD,"2560 x 1440 (2K QHD) 16"" 240Hz IPS"
โน๊ตบุ๊ค Lenovo LOQ 15IRX9-83DV00LETA Gaming Notebook,"฿36,990",Intel Core i5-13450HX,24GB DDR5,NVIDIA GeForce RTX 4050 Laptop,1TB SSD,"1920 x 1080 (Full HD) 15.6"" 144Hz IPS"
โน๊ตบุ๊ค Lenovo LOQ 15IRX9-83DV00LDTA Gaming Notebook,"฿32,990",Intel Core i5-13450HX,24GB DDR5,NVIDIA GeForce RTX 3050 Laptop,1TB SSD,"1920 x 1080 (Full HD) 15.6"" 144Hz IPS"
โน๊ตบุ๊ค MSI Stealth 16 AI Studio A1VFG-231TH Gaming Notebook,"฿71,990",Intel Core Ultra 7 155H,32GB DDR5,NVIDIA GeForce RTX 4060 Laptop,1TB SSD,"2560 x 1600 16"" 240Hz IPS"
โน๊ตบุ๊ค DELL G15 OGN553550501GTH Gaming Notebook,"฿33,990",AMD Ryzen 7 7840U,16GB DDR5,NVIDIA GeForce RTX 4050 Laptop,512GB SSD,"1920 x 1080 (Full HD) 15.6"" 120Hz IPS"
โน๊ตบุ๊ค HP Victus 16-s1034AX Gaming Laptop,"฿59,990",AMD Ryzen 7 8840H,32GB DDR5,NVIDIA GeForce RTX 4070 Laptop,1TB SSD,"2560 x 1440 (2K QHD) 16.1"" 165Hz IPS"
โน๊ตบุ๊ค Acer Nitro 16 AN16-43-R7N7 Notebook,"฿55,990",AMD Ryzen 9 8945HS,32GB DDR5,NVIDIA GeForce RTX 4060 Laptop,1TB SSD,"2560 x 1600 16"" 165Hz IPS"
โน๊ตบุ๊ค Asus TUF F17 FX707VV-HX128W Gaming Notebook,"฿48,990",Intel Core i7-13620H,16GB DDR5,NVIDIA GeForce RTX 4060 Laptop,512GB SSD,"1920 x 1080 (Full HD) 17.3"" 144Hz IPS"
โน๊ตบุ๊ค MSI Katana 15 B13VGK-2039TH Gaming Notebook,"฿47,990",Intel Core i7-13620H,16GB DDR5,NVIDIA GeForce RTX 4070 Laptop,1TB SSD,"2560 x 1440 (2K QHD) 15.6"" 165Hz IPS"
โน๊ตบุ๊ค MSI Sword 16 HX B14VGKG-266TH Gaming Notebook,"฿55,990",Intel Core i7-14650HX,16GB DDR5,NVIDIA GeForce RTX 4070 Laptop,1TB SSD,"2560 x 1600 16"" 240Hz IPS"
โน๊ตบุ๊ค Asus ROG Zephyrus G14 GA403UV-QS184WF Gaming Notebook,"฿69,990",AMD Ryzen 9 8945HS,32GB,NVIDIA GeForce RTX 4060 Laptop,1TB SSD,"2880 x 1800 14"" 120Hz OLED"
โน๊ตบุ๊ค Asus TUF A15 FA506NFR-HN006W Gaming Notebook,"฿25,990",AMD Ryzen 7 7000 Series,16GB DDR5,NVIDIA GeForce RTX 2050 Laptop,512GB SSD,"1920 x 1080 (Full HD) 15.6"" 144Hz IPS"
โน๊ตบุ๊ค Asus ROG ZEPHYRUS G14 GA403UU-QS097WS Notebook,"฿57,990",AMD Ryzen 9 8945HS,16GB DDR5,NVIDIA GeForce RTX 4050 Laptop,1TB SSD,"2880 x 1800 14"" 120Hz OLED"
โน๊ตบุ๊ค Asus TUF FX507ZC4-HN072W Gaming Notebook,"฿32,990",Intel Core i7-12700H,16GB DDR5,NVIDIA GeForce RTX 3050 Laptop,1TB SSD,"1920 x 1080 (Full HD) 15.6"" 144Hz IPS"
โน๊ตบุุ๊ค Gigabyte AORUS 15 BKF-73TH583SH Gaming Notebook,"฿56,990",Intel Core i7-13700HX,16GB DDR5,NVIDIA GeForce RTX 4060 Laptop,1TB SSD,"1920 x 1080 (Full HD) 15.6"" 360Hz IPS"
โน๊ตบุ๊ค Gigabyte G5 MF5-G2TH353SH Gaming Notebook,"฿31,990",Intel Core i7-12650H,16GB DDR5,NVIDIA GeForce RTX 4050 Laptop,512GB SSD,"1920 x 1080 (Full HD) 15.6"" 144Hz IPS"
โน๊ตบุ๊ค Gigabyte G5 MF5-H2TH353KH Gaming Notebook,"฿30,990",Intel Core i7-13620H,16GB DDR5,NVIDIA GeForce RTX 4050 Laptop,512GB SSD,"1920 x 1080 (Full HD) 15.6"" 144Hz IPS"
โน๊ตบุ๊ค Gigabyte AORUS 15 BKG-13TH754CH Gaming Notebook,"฿54,990",Intel Core Ultra 7 155H,16GB DDR5,NVIDIA GeForce RTX 4060 Laptop,1TB SSD,"2560 x 1440 (2K QHD) 15.6"" 165Hz IPS"
โน๊ตบุ๊ค Gigabyte AORUS 17X AZF-D5TH665SH Gaming Notebook,"฿99,990",Intel Core i9-13980HX,32GB DDR5,NVIDIA GeForce RTX 4090 Laptop,2TB SSD,"2560 x 1440 (2K QHD) 17.3"" 240Hz IPS"
โน๊ตบุ๊ค MSI Thin 15 B12VE-1896TH Gaming Notebook,"฿28,990",Intel Core i7-12650H,16GB DDR4,NVIDIA GeForce RTX 4050 Laptop,512GB SSD,"1920 x 1080 (Full HD) 15.6"" 144Hz IPS"
โน๊ตบุ๊ค MSI Thin 15 B12UC-1887TH Gaming Notebook,"฿24,990",Intel Core i7-12650H,16GB DDR4,NVIDIA GeForce RTX 3050 Laptop,512GB SSD,"1920 x 1080 (Full HD) 15.6"" 144Hz IPS"
โน๊ตบุ๊ค MSI Sword 16 HX B14VFKG-242TH Gaming Notebook,"฿49,990",Intel Core i7-14650HX,16GB DDR5,NVIDIA GeForce RTX 4060 Laptop,1TB SSD,"1920 x 1200 16"" 144Hz IPS"
โน๊ตบุ๊ค MSI Raider GE66 12UGS-070TH Gaming Notebook,"฿79,990",Intel Core i9-12900HK,32GB DDR5,NVIDIA GeForce RTX 3070 Ti Laptop,1TB SSD,"2560 x 1440 (2K QHD) 15.6"" 240Hz"
โน๊ตบุ๊ค Asus ROG Zephyrus G16 GU605MV-QR221WS Gaming Notebook,"฿79,990",Intel Core Ultra 9 185H,32GB DDR5,NVIDIA GeForce RTX 4060 Laptop,1TB SSD,"2560 x 1600 16"" 240Hz OLED"
โน๊ตบุ๊ค MSI Katana 17 B13VGK-1241TH Gaming Notebook,"฿52,990",Intel Core i9-13900H,16GB DDR5,NVIDIA GeForce RTX 4070 Laptop,1TB SSD,"2560 x 1440 (2K QHD) 17.3"" 240Hz"
โน๊ตบุ๊ค Dell Alienware M16 R2 CANM162CTO02GTH Gaming Notebook,"฿99,990",Intel Core Ultra 9 185H,32GB DDR5,NVIDIA GeForce RTX 4070 Laptop,2TB SSD,"2560 x 1600 16"" 240Hz"
โน๊ตบุ๊ค Gigabyte G6 MF-H2TH853SH Gaming Notebook,"฿31,990",Intel Core i7-13620H,16GB DDR5,NVIDIA GeForce RTX 4050 Laptop,512GB SSD,"1920 x 1200 16"" 165Hz IPS"
โน๊ตบุ๊ค Lenovo LOQ 15IRX9-83DV0005TA Gaming Notebook,"฿39,990",Intel Core i5-13450HX,16GB DDR5,NVIDIA GeForce RTX 4050 Laptop,512GB SSD,"1920 x 1080 (Full HD) 15.6"" 144Hz IPS"
โน๊ตบุ๊ค Lenovo Legion 9 16IRX9-83G00019TA Gaming Notebook,"฿169,990",Intel Core i9-14900HX,64GB DDR5,NVIDIA GeForce RTX 4090 Laptop,2TB SSD,"3200 x 2000 16"" 165Hz"
โน๊ตบุ๊ค Lenovo LOQ 15IAX9-83GS001GTA Gaming Notebook,"฿27,990",Intel Core i5-12450HX,16GB DDR5,NVIDIA GeForce RTX 3050 Laptop,512GB SSD,"1920 x 1080 (Full HD) 15.6"" 144Hz IPS"
โน๊ตบุ๊ค Acer Predator Helios PH315-55-97GU Gaming Notebook,"฿69,990",Intel Core i9-12900H,32GB DDR5,NVIDIA GeForce RTX 3080 Laptop,1TB SSD,"2560 x 1440 (2K QHD) 15.6"" 165Hz IPS"
โน๊ตบุ๊ค MSI Katana A15 AI B8VG-420TH Gaming Notebook,"฿51,490",AMD Ryzen 9 8945HS,16GB DDR5,NVIDIA GeForce RTX 4070 Laptop,1TB SSD,"1920 x 1080 (Full HD) 15.6"" 144Hz IPS"
โน๊ตบุ๊ค Acer Predator Helios Neo 16 PHN16-72-72FG Gaming Notebook,"฿52,990",Intel Core i7-14700HX,16GB DDR5,NVIDIA GeForce RTX 4060 Laptop,512GB SSD,"2560 x 1600 16"" 165Hz IPS"
โน๊ตบุ๊ค Asus TUF A15 FA506NC-HN017W Gaming Notebook,"฿26,990",AMD Ryzen 5 7535HS,16GB DDR5,NVIDIA GeForce RTX 3050 Laptop,512GB SSD,"1920 x 1080 (Full HD) 15.6"" 144Hz IPS"
โน๊ตบุ๊ค HP Omen Transcend 14-fb0080TX Gaming Notebook,"฿79,990",Intel Core Ultra 9 185H,32GB DDR5,NVIDIA GeForce RTX 4070 Laptop,1TB SSD,"2880 x 1800 14"" 120Hz OLED"
โน๊ตบุ๊ค HP Victus 15-fa1305TX Gaming Notebook,"฿33,990",Intel Core i7-12650H,16GB DDR4,NVIDIA GeForce RTX 4050 Laptop,1TB SSD,"1920 x 1080 (Full HD) 15.6"" 144Hz IPS"
โน๊ตบุ๊ค HP Victus 15-fa1230TX Gaming Notebook,"฿27,990",Intel Core i5-13420H,16GB DDR4,NVIDIA GeForce RTX 3050 Laptop,1TB SSD,"1920 x 1080 (Full HD) 15.6"" 144Hz IPS"
โน๊ตบุ๊ค HP Omen Transcend 16-u1038TX Gaming Notebook,"฿82,990",Intel Core i9-14900HX,32GB DDR5,NVIDIA GeForce RTX 4070 Laptop,1TB SSD,"2560 x 1600 16"" 240Hz OLED"
โน๊ตบุ๊ค Acer Predator Helios PH16-72-9369 Gaming Notebook,"฿99,990",Intel Core i9-14900HX,32GB DDR5,NVIDIA GeForce RTX 4080 Laptop,1TB SSD,"2560 x 1600 16"" 250Hz IPS"
โน๊ตบุ๊ค Acer Predator Helios PH16-72-92WW Gaming Notebook,"฿79,990",Intel Core i9-14900HX,32GB DDR5,NVIDIA GeForce RTX 4070 Laptop,1TB SSD,"2560 x 1600 16"" 240Hz IPS"
โน๊ตบุ๊ค Acer Predator Helios PHN16-72-99ZQ Gaming Notebook,"฿65,990",Intel Core i9-14900HX,16GB DDR5,NVIDIA GeForce RTX 4070 Laptop,1TB SSD,"2560 x 1600 16"" 240Hz IPS"
โน๊ตบุ๊ค Acer Predator Helios PHN16-72-98J4 Gaming Notebook,"฿59,990",Intel Core i9-14900HX,16GB DDR5,NVIDIA GeForce RTX 4060 Laptop,1TB SSD,"2560 x 1600 16"" 240Hz IPS"
โน๊ตบุ๊ค Asus ROG Zephyrus G16 GU603VU-N3092WS Gaming Notebook,"฿49,990",Intel Core i7-13620H,16GB DDR4,NVIDIA GeForce RTX 4050 Laptop,1TB SSD,"1920 x 1200 16"" 165Hz IPS"
โน๊ตบุ๊ค Lenovo Legion Pro 5 16IRX8-82WK00N8TA Gaming Notebook,"฿75,990",Intel Core i9-13900HX,32GB DDR5,NVIDIA GeForce RTX 4070 Laptop,1TB SSD,"2560 x 1600 16"" 240Hz IPS"
โน๊ตบุ๊ค Gigabyte G6 MF-H3TH853SH Gaming Notebook,"฿41,990",Intel Core i7-13620H,16GB DDR5,NVIDIA GeForce RTX 4050 Laptop,512GB SSD,"1920 x 1200 16"" 165Hz IPS"
โน๊ตบุ๊ค Gigabyte AORUS 17X AZG-65TH665SH Gaming Notebook,"฿99,990",Intel Core i9-14900HX,32GB DDR5,NVIDIA GeForce RTX 4090 Laptop,2TB SSD,"2560 x 1440 (2K QHD) 17.3"" 240Hz IPS"
โน๊ตบุ๊ค Gigabyte G6X 9KG-43TH854SH Gaming Notebook,"฿40,900",Intel Core i7-13650HX,16GB DDR5,NVIDIA GeForce RTX 4060 Laptop,1TB SSD,"1920 x 1200 16"" 165Hz IPS"
โน๊ตบุ๊ค Lenovo LOQ 15IRH8-82XV00N3TA Gaming Notebook,"฿28,990",Intel Core i5-12450H,16GB DDR5,NVIDIA GeForce RTX 2050 Laptop,512GB SSD,"1920 x 1080 (Full HD) 15.6"" 144Hz IPS"
โน๊ตบุ๊ค Asus ROG Zephyrus G16 GU605MI-QR225WS Gaming Notebook,"฿89,990",Intel Core Ultra 9 185H,32GB DDR5,NVIDIA GeForce RTX 4070 Laptop,1TB SSD,"2560 x 1600 16"" 240Hz OLED"
โน๊ตบุ๊ค Asus ROG Zephyrus G14 GA403UV-QS121WS Gaming Notebook,"฿60,990",AMD Ryzen 9 8945HS,16GB DDR5,NVIDIA GeForce RTX 4060 Laptop,1TB SSD,"2880 x 1800 14"" 120Hz OLED"
โน๊ตบุ๊ค MSI Thin 15 B12UCX-1428TH Gaming Notebook,"฿17,990",Intel Core i5-12450H,8GB DDR4,NVIDIA GeForce RTX 2050 Laptop,512GB SSD,"1920 x 1080 (Full HD) 15.6"" 144Hz IPS"
โน๊ตบุ๊ค MSI Thin 15 B12UC-1426TH Gaming Notebook,"฿21,990",Intel Core i5-12450H,8GB DDR4,NVIDIA GeForce RTX 3050 Laptop,512GB SSD,"1920 x 1080 (Full HD) 15.6"" 144Hz IPS"
โน๊ตบุ๊ค MSI Thin 15 B13UC-1609TH Gaming Notebook,"฿22,990",Intel Core i5-13420H,8GB DDR4,NVIDIA GeForce RTX 3050 Laptop,512GB SSD,"1920 x 1080 (Full HD) 15.6"" 144Hz IPS"
โน๊ตบุ๊ค MSI Thin 15 B12VE-1424TH Gaming Notebook,"฿25,990",Intel Core i5-12450H,16GB DDR4,NVIDIA GeForce RTX 4050 Laptop,512GB SSD,"1920 x 1080 (Full HD) 15.6"" 144Hz IPS"
โน๊ตบุ๊ค MSI Thin A15 B7UC-046TH Gaming Notebook,"฿23,990",AMD Ryzen 5 7535HS,8GB DDR5,NVIDIA GeForce RTX 3050 Laptop,512GB SSD,"1920 x 1080 (Full HD) 15.6"" 144Hz IPS"
โน๊ตบุ๊ค MSI Cyborg 15 A13VEK-874TH Gaming Notebook,"฿35,490",Intel Core i7-13620H,16GB DDR5,NVIDIA GeForce RTX 4050 Laptop,512GB SSD,"1920 x 1080 (Full HD) 15.6"" 144Hz IPS"
โน๊ตบุ๊ค MSI Cyborg 14 A13VE-019TH Gaming Notebook,"฿36,990",Intel Core i7-13620H,16GB DDR5,NVIDIA GeForce RTX 4050 Laptop,512GB SSD,"1920 x 1200 14"" 144Hz IPS"
โน๊ตบุ๊ค MSI Cyborg 15 A13VFK-873TH Gaming Notebook,"฿36,990",Intel Core i7-13620H,16GB DDR5,NVIDIA GeForce RTX 4060 Laptop,512GB SSD,"1920 x 1080 (Full HD) 15.6"" 144Hz IPS"
โน๊ตบุ๊ค MSI Cyborg 14 A13VF-064TH Gaming Notebook,"฿37,990",Intel Core i7-13620H,16GB DDR5,NVIDIA GeForce RTX 4060 Laptop,1TB SSD,"1920 x 1200 14"" 144Hz IPS"
โน๊ตบุ๊ค MSI Katana A17 AI B8VG-861TH Gaming Notebook,"฿50,990",AMD Ryzen 9 8940H,16GB DDR5,NVIDIA GeForce RTX 4070 Laptop,1TB SSD,"1920 x 1080 (Full HD) 17.3"" 144Hz IPS"
โน๊ตบุ๊ค MSI Stealth 14 AI Studio A1VFG-058TH Gaming Notebook,"฿66,990",Intel Core Ultra 7 155H,32GB DDR5,NVIDIA GeForce RTX 4060 Laptop,1TB SSD,"2880 x 1800 14"" 120Hz OLED"
โน๊ตบุ๊ค MSI Stealth 16 AI Studio A1VFG-067TH Gaming Notebook,"฿69,990",Intel Core Ultra 7 155H,32GB DDR5,NVIDIA GeForce RTX 4060 Laptop,1TB SSD,"2560 x 1600 16"" 240Hz IPS"
โน๊ตบุ๊ค MSI Vector 16 HX A14VHG-295TH Gaming Notebook,"฿89,990",Intel Core i9-14900HX,32GB DDR5,NVIDIA GeForce RTX 4080 Laptop,1TB SSD,"2560 x 1600 16"" 240Hz IPS"
โน๊ตบุ๊ค Asus TUF A15 FA507NU-LP101W Gaming Notebook,"฿31,990",AMD Ryzen 5 7535HS,16GB DDR5,NVIDIA GeForce RTX 4050 Laptop,512GB SSD,"1920 x 1080 (Full HD) 15.6"" 144Hz IPS"
โน๊ตบุ๊ค Lenovo Legion 9 16IRX8-83AG0013TA Gaming Notebook,"฿169,990",Intel Core i9-13980HX,64GB DDR5,NVIDIA GeForce RTX 4090 Laptop,2TB SSD,"3200 x 2000 16"" 165Hz"
โน๊ตบุ๊ค Lenovo LOQ 15IRX9-83DV003BTA Gaming Notebook,"฿42,990",Intel Core i7-13650HX,16GB DDR5,NVIDIA GeForce RTX 4060 Laptop,512GB SSD,"1920 x 1080 (Full HD) 15.6"" 144Hz IPS"
โน๊ตบุ๊ค Lenovo LOQ 15IRX9-83DV003ATA Gaming Notebook,"฿38,990",Intel Core i7-13650HX,16GB DDR5,NVIDIA GeForce RTX 4050 Laptop,512GB SSD,"1920 x 1080 (Full HD) 15.6"" 144Hz IPS"
โน๊ตบุ๊ค Lenovo LOQ 15IRX9-83DV0039TA Gaming Notebook,"฿35,990",Intel Core i5-13450HX,16GB DDR5,NVIDIA GeForce RTX 4050 Laptop,512GB SSD,"1920 x 1080 (Full HD) 15.6"" 144Hz IPS"
โน๊ตบุ๊ค Lenovo LOQ 15IRX9-83DV0038TA Gaming Notebook,"฿30,990",Intel Core i5-13450HX,16GB DDR5,NVIDIA GeForce RTX 3050 Laptop,512GB SSD,"1920 x 1080 (Full HD) 15.6"" 144Hz IPS"
โน๊ตบุ๊ค MSI Katana 17 B13VGK-1063TH Gaming Notebook,"฿59,990",Intel Core i9-13900H,16GB DDR5,NVIDIA GeForce RTX 4070 Laptop,1TB SSD,"1920 x 1080 (Full HD) 17.3"" 144Hz IPS"
โน๊ตบุ๊ค MSI Katana 17 B13VFK-1064TH Gaming Notebook,"฿42,990",Intel Core i7-13620H,16GB DDR5,NVIDIA GeForce RTX 4060 Laptop,1TB SSD,"1920 x 1080 (Full HD) 17.3"" 144Hz IPS"
โน๊ตบุ๊ค MSI Cyborg 15 A12VE-809TH Gaming Notebook,"฿37,990",Intel Core i7-12650H,16GB DDR5,NVIDIA GeForce RTX 4050 Laptop,512GB SSD,"1920 x 1080 (Full HD) 15.6"" 144Hz IPS"
โน๊ตบุ๊ค MSI Bravo 15 C7UDX-260TH Gaming Notebook,"฿28,990",AMD Ryzen 5 7535HS,16GB DDR5,NVIDIA GeForce RTX 3050 Laptop,512GB SSD,"1920 x 1080 (Full HD) 15.6"" 144Hz IPS"
โน๊ตบุ๊ค MSI Vector 17 HX A14VHG-613TH Gaming Notebook,"฿99,990",Intel Core i9-14900HX,32GB DDR5,NVIDIA GeForce RTX 4080 Laptop,1TB SSD,"2560 x 1600 17"" 240Hz IPS"
โน๊ตบุ๊ค MSI Titan 18 HX A14VIG-031TH Gaming Notebook,"฿189,990",Intel Core i9-14900HX,64GB DDR5,NVIDIA GeForce RTX 4090 Laptop,2TB SSD,"3840 x 2400 18"" 120Hz"
โน๊ตบุ๊ค MSI Stealth 16 AI Studio A1VGG-004TH Gaming Notebook,"฿80,990",Intel Core Ultra 9 185H,32GB DDR5,NVIDIA GeForce RTX 4070 Laptop,2TB SSD,"2560 x 1600 16"" 240Hz IPS"
โน๊ตบุ๊ค MSI Vector 16 HX A13VHG-298TH Gaming Notebook,"฿89,990",Intel Core i9-13980HX,16GB DDR5,NVIDIA GeForce RTX 4080 Laptop,1TB SSD,"2560 x 1600 16"" 240Hz IPS"
โน๊ตบุ๊ค MSI Thin GF63 12UC-1092TH Gaming Notebook,"฿22,990",Intel Core i5-12450H,16GB DDR4,NVIDIA GeForce RTX 3050 Laptop,512GB SSD,"1920 x 1080 (Full HD) 15.6"" 144Hz IPS"
โน๊ตบุ๊ค MSI Thin GF63 12UC-1091TH Gaming Notebook,"฿28,490",Intel Core i7-12650H,16GB DDR4,NVIDIA GeForce RTX 3050 Laptop,512GB SSD,"1920 x 1080 (Full HD) 15.6"" 144Hz IPS"
โน๊ตบุ๊ค MSI Raider GE68HX 14VIG-294TH Gaming Notebook,"฿139,990",Intel Core i9-14900HX,32GB DDR5,NVIDIA GeForce RTX 4090 Laptop,2TB SSD,"3840 x 2400 16"" 120Hz IPS"
โน๊ตบุ๊ค MSI Cyborg 15 AI A1VFK-008TH Gaming Notebook,"฿45,990",Intel Core Ultra 7 155H,16GB DDR5,NVIDIA GeForce RTX 4060 Laptop,1TB SSD,"1920 x 1080 (Full HD) 15.6"" 144Hz IPS"
โน๊ตบุ๊ค MSI Cyborg 15 AI A1VEK-010TH Gaming Notebook,"฿39,990",Intel Core Ultra 7 155H,16GB DDR5,NVIDIA GeForce RTX 4050 Laptop,512GB SSD,"1920 x 1080 (Full HD) 15.6"" 144Hz IPS"
โน๊ตบุ๊ค Acer Nitro AN515-58-59GM Gaming Notebook,"฿26,990",Intel Core i5-12450H,16GB DDR4,NVIDIA GeForce RTX 3050 Laptop,512GB SSD,"1920 x 1080 (Full HD) 15.6"" 144Hz IPS"
โน๊ตบุ๊ค MSI Raider GE78HX 13VH-484TH Gaming Notebook,"฿105,990",Intel Core i9-13980HX,32GB DDR5,NVIDIA GeForce RTX 4080 Laptop,2TB SSD,"2560 x 1600 17"" 240Hz IPS"
โน๊ตบุ๊ค MSI Vector GP68HX 13VH-263TH Gaming Notebook,"฿89,990",Intel Core i9-13950HX,32GB DDR5,NVIDIA GeForce RTX 4080 Laptop,1TB SSD,"2560 x 1600 16"" 240Hz IPS"
โน๊ตบุ๊ค MSI Katana 15 B13VGK-1637TH Gaming Notebook,"฿45,990",Intel Core i7-13620H,16GB DDR5,NVIDIA GeForce RTX 4070 Laptop,1TB SSD,"2560 x 1440 (2K QHD) 15.6"" 165Hz IPS"
โน๊ตบุ๊ค MSI Katana 15 B13VGK-1636TH Gaming Notebook,"฿51,990",Intel Core i9-13900H,16GB DDR5,NVIDIA GeForce RTX 4070 Laptop,1TB SSD,"2560 x 1440 (2K QHD) 15.6"" 165Hz IPS"
โน๊ตบุ๊ค Asus TUF F17 FX707VV-HX129W Gaming Notebook,"฿45,990",Intel Core i7-13620H,16GB DDR5,NVIDIA GeForce RTX 4060 Laptop,512GB SSD,"1920 x 1080 (Full HD) 17.3"" 144Hz IPS"
โน๊ตบุ๊ค Asus TUF F17 FX707VU-HX106W Gaming Notebook,"฿42,990",Intel Core i7-13620H,16GB DDR5,NVIDIA GeForce RTX 4050 Laptop,512GB SSD,"1920 x 1080 (Full HD) 17.3"" 144Hz IPS"
โน๊ตบุ๊ค Asus TUF F15 FX507VV-LP147W Gaming Notebook,"฿42,990",Intel Core i7-13620H,16GB DDR5,NVIDIA GeForce RTX 4060 Laptop,512GB SSD,"1920 x 1080 (Full HD) 15.6"" 144Hz IPS"
โน๊ตบุ๊ค Acer Predator Helios Neo 16 PHN16-71-57QT Gaming Notebook,"฿45,990",Intel Core i5-13500HX,16GB DDR5,NVIDIA GeForce RTX 4060 Laptop,512GB SSD,"2560 x 1600 16"" 165Hz IPS"
โน๊ตบุ๊ค Acer Predator Helios Neo 16 PHN16-71-78P1 Gaming Notebook,"฿43,990",Intel Core i7-13700HX,16GB DDR5,NVIDIA GeForce RTX 4050 Laptop,512GB SSD,"2560 x 1600 16"" 165Hz IPS"
โน๊ตบุ๊ค HP Victus 16-r0145TX Gaming Notebook,"฿44,990",Intel Core i7-13700HX,16GB DDR5,NVIDIA GeForce RTX 4050 Laptop,512GB SSD,"1920 x 1080 (Full HD) 16.1"" 165Hz IPS"
โน๊ตบุ๊ค Lenovo IdeaPad Gaming 3 15ACH6-82K2027UTA Gaming Notebook,"฿24,990",AMD Ryzen 5 5500H,16GB DDR4,NVIDIA GeForce RTX 2050 Laptop,512GB SSD,"1920 x 1080 (Full HD) 15.6"" 144Hz IPS"
โน๊ตบุ๊ค HP Victus 15-fb1010AX Gaming Notebook,"฿25,990",AMD Ryzen 5 7535HS,16GB DDR5,NVIDIA GeForce RTX 2050 Laptop,512GB SSD,"1920 x 1080 (Full HD) 15.6"" 144Hz IPS"
โน๊ตบุ๊ค MSI Cyborg 15 A12UCX-642TH Gaming Notebook,"฿21,990",Intel Core i5-12450H,16GB DDR5,NVIDIA GeForce RTX 2050 Laptop,512GB SSD,"1920 x 1080 (Full HD) 15.6"" 144Hz IPS"
โน๊ตบุ๊ค MSI Katana 17 B13VEK-1008TH Gaming Notebook,"฿42,990",Intel Core i7-13620H,16GB DDR5,NVIDIA GeForce RTX 4050 Laptop,512GB SSD,"1920 x 1080 (Full HD) 17.3"" 144Hz IPS"
โน๊ตบุ๊ค Asus TUF F15 FX507ZC4-HN081W Gaming Notebook,"฿26,990",Intel Core i5-12500H,8GB DDR4,NVIDIA GeForce RTX 3050 Laptop,512GB SSD,"1920 x 1080 (Full HD) 15.6"" 144Hz IPS"
โน๊ตบุ๊ค MSI Katana 17 B13VEK-889TH Gaming Notebook,"฿39,990",Intel Core i7-13620H,16GB DDR5,NVIDIA GeForce RTX 4050 Laptop,512GB SSD,"1920 x 1080 (Full HD) 17.3"" 144Hz IPS"
โน๊ตบุ๊ค MSI Raider GE68HX 13VG-240TH Gaming Notebook,"฿82,990",Intel Core i9-13980HX,32GB DDR5,NVIDIA GeForce RTX 4070 Laptop,2TB SSD,"2560 x 1600 16"" 240Hz IPS"
โน๊ตบุ๊ค MSI Stealth 16 Studio A13VG-410TH Gaming Notebook,"฿82,990",Intel Core i9-13900H,32GB DDR5,NVIDIA GeForce RTX 4070 Laptop,2TB SSD,"2560 x 1600 16"" 240Hz IPS"
โน๊ตบุ๊ค MSI Bravo 15 C7UCX-261TH Gaming Notebook,"฿24,990",AMD Ryzen 5 7535HS,8GB DDR5,NVIDIA GeForce RTX 2050 Laptop,512GB SSD,"1920 x 1080 (Full HD) 15.6"" 144Hz IPS"
โน๊ตบุ๊ค MSI Cyborg 15 A12VE-627TH Gaming Notebook,"฿29,990",Intel Core i5-12450H,16GB DDR5,NVIDIA GeForce RTX 4050 Laptop,512GB SSD,"1920 x 1080 (Full HD) 15.6"" 144Hz IPS"
โน๊ตบุ๊ค MSI Cyborg 15 A12VE-626TH Gaming Notebook,"฿37,990",Intel Core i7-12650H,16GB DDR5,NVIDIA GeForce RTX 4050 Laptop,512GB SSD,"1920 x 1080 (Full HD) 15.6"" 144Hz IPS"
โน๊ตบุ๊ค MSI Cyborg 15 A12VF-623TH Gaming Notebook,"฿33,990",Intel Core i7-12650H,16GB DDR5,NVIDIA GeForce RTX 4060 Laptop,512GB SSD,"1920 x 1080 (Full HD) 15.6"" 144Hz IPS"
โน๊ตบุ๊ค MSI Katana 17 B13VFK-1007TH Gaming Notebook,"฿46,990",Intel Core i7-13620H,16GB DDR5,NVIDIA GeForce RTX 4060 Laptop,1TB SSD,"1920 x 1080 (Full HD) 17.3"" 144Hz IPS"
โน๊ตบุ๊ค MSI Katana 17 B13VGK-1006TH Gaming Notebook,"฿59,990",Intel Core i9-13900H,16GB DDR5,NVIDIA GeForce RTX 4070 Laptop,1TB SSD,"1920 x 1080 (Full HD) 17.3"" 144Hz IPS"
โน๊ตบุ๊ค MSI Katana 15 B12VGK-1638TH Gaming Notebook,"฿39,990",Intel Core i7-12650H,16GB DDR5,NVIDIA GeForce RTX 4070 Laptop,1TB SSD,"1920 x 1080 (Full HD) 15.6"" 144Hz IPS"
โน๊ตบุ๊ค MSI Katana 15 B12VGK-1639TH Gaming Notebook,"฿40,990",Intel Core i5-12450H,16GB DDR5,NVIDIA GeForce RTX 4070 Laptop,1TB SSD,"1920 x 1080 (Full HD) 15.6"" 144Hz IPS"
โน๊ตบุ๊ค Asus TUF A15 FA507RM-HN082W Gaming Notebook,"฿32,990",AMD Ryzen 7 6800H,16GB DDR5,NVIDIA GeForce RTX 3060 Laptop,512GB SSD,"1920 x 1080 (Full HD) 15.6"" 144Hz IPS"
โน๊ตบุ๊ค Lenovo Legion Slim 5 16APH8-82Y90006TA Gaming Notebook,"฿59,990",AMD Ryzen 7 7840HS,16GB DDR5,NVIDIA GeForce RTX 4060 Laptop,512GB SSD,"2560 x 1600 16"" 240Hz IPS"
โน๊ตบุ๊ค MSI Raider GE68HX 13VI-209TH Gaming Notebook,"฿129,990",Intel Core i9-13980HX,32GB DDR5,NVIDIA GeForce RTX 4090 Laptop,2TB SSD,"2560 x 1600 16"" 240Hz IPS"
โน๊ตบุ๊ค MSI Vector GP68HX 13VH-210TH Gaming Notebook,"฿89,990",Intel Core i9-13950HX,32GB DDR5,NVIDIA GeForce RTX 4080 Laptop,1TB SSD,"2560 x 1600 16"" 240Hz IPS"
โน๊ตบุ๊ค Acer Nitro V 15 ANV15-51-578S Gaming Notebook,"฿22,990",Intel Core i5-13420H,16GB DDR5,NVIDIA GeForce RTX 2050 Laptop,512GB SSD,"1920 x 1080 (Full HD) 15.6"" 144Hz IPS"
โน๊ตบุ๊ค Gigabyte G5 KF5-G3TH353SH Gaming Notebook,"฿34,990",Intel Core i7-12650H,16GB DDR5,NVIDIA GeForce RTX 4060 Laptop,512GB SSD,"1920 x 1080 (Full HD) 15.6"" 144Hz"
โน๊ตบุ๊ค Acer Predator Helios 3D SpatialLabs Edition PH3D15-71-90NR Gaming Notebook,"฿120,900",Intel Core i9-13900HX,32GB DDR5,NVIDIA GeForce RTX 4080 Laptop,1TB SSD,"3840 x 2160 (4K UHD) 15.6"" IPS"
โน๊ตบุ๊ค Acer Predator Helios Neo 16 PHN16-71-921N Gaming Notebook,"฿55,990",Intel Core i9-13900HX,16GB DDR5,NVIDIA GeForce RTX 4060 Laptop,1TB SSD,"2560 x 1600 16"" 165Hz IPS"
โน๊ตบุ๊ค Lenovo Legion Slim 5 16IRH8-82YA0007TA Gaming Notebook,"฿57,990",Intel Core i7-13700H,16GB DDR5,NVIDIA GeForce RTX 4060 Laptop,512GB SSD,"2560 x 1600 16"" 240Hz IPS"
โน๊ตบุ๊ค HP Victus 16-d1226TX Gaming Notebook,"฿34,990",Intel Core i5-12500H,16GB DDR5,NVIDIA GeForce RTX 3060 Laptop,512GB SSD,"1920 x 1080 (Full HD) 16.1"" 144Hz IPS"
โน๊ตบุ๊ค HP Victus 16-d1225TX Gaming Notebook,"฿29,990",Intel Core i5-12500H,16GB DDR5,NVIDIA GeForce RTX 3050 Laptop,512GB SSD,"1920 x 1080 (Full HD) 16.1"" 144Hz IPS"
โน๊ตบุ๊ค HP Victus 15-fa0204TX Gaming Notebook,"฿34,990",Intel Core i7-12700H,16GB DDR4,NVIDIA GeForce RTX 3050 Laptop,512GB SSD,"1920 x 1080 (Full HD) 15.6"" 144Hz IPS"
โน๊ตบุ๊ค Lenovo LOQ 16IRH8-82XW0049TA Gaming Notebook,"฿39,990",Intel Core i5-13420H,16GB DDR5,NVIDIA GeForce RTX 4050 Laptop,512GB SSD,"1920 x 1200 16"" 144Hz IPS"
โน๊ตบุ๊ค MSI Stealth 16 Mercedes-AMG Motorsport A13VG-269TH Gaming Notebook,"฿99,900",Intel Core i9-13900H,32GB DDR5,NVIDIA GeForce RTX 4070 Laptop,2TB SSD,"3840 x 2400 16"" 60Hz OLED"
โน๊ตบุ๊ค MSI Vector GP68HX 12VH-049TH Gaming Notebook,"฿89,990",Intel Core i9-12900HX,32GB DDR5,NVIDIA GeForce RTX 4080 Laptop,1TB SSD,"2560 x 1600 16"" 240Hz IPS"
โน๊ตบุ๊ค MSI Thin GF63 12VF-249TH Gaming Notebook,"฿37,990",Intel Core i5-12450H,16GB DDR4,NVIDIA GeForce RTX 4060 Laptop,512GB SSD,"1920 x 1080 (Full HD) 15.6"" 144Hz IPS"
โน๊ตบุ๊ค MSI Thin GF63 12VF-248TH Gaming Notebook,"฿39,990",Intel Core i7-12650H,16GB DDR4,NVIDIA GeForce RTX 4060 Laptop,512GB SSD,"1920 x 1080 (Full HD) 15.6"" 144Hz IPS"
โน๊ตบุ๊ค MSI Katana 17 B12UDXK-031TH Gaming Notebook,"฿43,990",Intel Core i7-12650H,16GB DDR5,NVIDIA GeForce RTX 3050 Laptop,512GB SSD,"1920 x 1080 (Full HD) 17.3"" 144Hz IPS"
โน๊ตบุ๊ค Lenovo LOQ 15APH8-82XT004GTA Gaming Notebook,"฿39,990",AMD Ryzen 7 7840HS,16GB DDR5,NVIDIA GeForce RTX 4050 Laptop,512GB SSD,"1920 x 1080 (Full HD) 15.6"" 144Hz IPS"
โน๊ตบุ๊ค Lenovo LOQ 16IRH8-82XW004ATA Gaming Notebook,"฿45,990",Intel Core i7-13620H,16GB DDR5,NVIDIA GeForce RTX 4060 Laptop,512GB SSD,"1920 x 1200 16"" 144Hz IPS"
โน๊ตบุ๊ค Lenovo LOQ 16APH8-82XU0028TA Gaming Notebook,"฿44,990",AMD Ryzen 7 7840HS,16GB DDR5,NVIDIA GeForce RTX 4060 Laptop,512GB SSD,"1920 x 1200 16"" 144Hz IPS"
โน๊ตบุ๊ค Lenovo LOQ 16APH8-82XU0027TA Gaming Notebook,"฿39,990",AMD Ryzen 5 7640HS,16GB DDR5,NVIDIA GeForce RTX 4050 Laptop,512GB SSD,"1920 x 1200 16"" 144Hz IPS"
โน๊ตบุ๊ค Lenovo LOQ 15IRH8-82XV00BNTA Gaming Notebook,"฿28,990",Intel Core i5-12450H,8GB DDR5,NVIDIA GeForce RTX 2050 Laptop,512GB SSD,"1920 x 1080 (Full HD) 15.6"" 144Hz IPS"
โน๊ตบุ๊ค Lenovo LOQ 15IRH8-82XV00BPTA Gaming Notebook,"฿32,990",Intel Core i5-13420H,16GB DDR5,NVIDIA GeForce RTX 3050 Laptop,512GB SSD,"1920 x 1080 (Full HD) 15.6"" 144Hz IPS"
โน๊ตบุ๊ค Lenovo LOQ 15APH8-82XT000JTA Gaming Notebook,"฿46,990",AMD Ryzen 7 7840HS,16GB DDR5,NVIDIA GeForce RTX 4060 Laptop,512GB SSD,"1920 x 1080 (Full HD) 15.6"" 144Hz IPS"
โน๊ตบุ๊ค Acer Predator Triton 17X PTX17-71-99X6 Gaming Notebook,"฿142,900",Intel Core i9-13900HX,64GB DDR5,NVIDIA GeForce RTX 4090 Laptop,2TB SSD,"2560 x 1600 17"" 250Hz IPS"
โน๊ตบุ๊ค Acer Predator Helios 18 PH18-71-97VX Gaming Notebook,"฿105,900",Intel Core i9-13900HX,32GB DDR5,NVIDIA GeForce RTX 4080 Laptop,2TB SSD,"2560 x 1600 18"" 240Hz IPS"
โน๊ตบุ๊ค Acer Predator Helios 16 PH16-71-78MQ Gaming Notebook,"฿79,990",Intel Core i7-13700HX,32GB DDR5,NVIDIA GeForce RTX 4070 Laptop,1TB SSD,"2560 x 1600 16"" 240Hz IPS"
โน๊ตบุ๊ค Acer Nitro 16 AN16-41-R12P Gaming Notebook,"฿65,990",AMD Ryzen 9 7940HS,32GB DDR5,NVIDIA GeForce RTX 4070 Laptop,1TB SSD,"2560 x 1600 16"" 165Hz IPS"
โน๊ตบุ๊ค Acer Nitro 16 AN16-41-R846 Gaming Notebook,"฿47,990",AMD Ryzen 7 7840HS,16GB DDR5,NVIDIA GeForce RTX 4060 Laptop,512GB SSD,"1920 x 1200 16"" 165Hz IPS"
โน๊ตบุ๊ค Acer Nitro 16 AN16-41-R6VJ Gaming Notebook,"฿42,990",AMD Ryzen 7 7840HS,16GB DDR5,NVIDIA GeForce RTX 4050 Laptop,512GB SSD,"1920 x 1200 16"" 165Hz IPS"
โน๊ตบุ๊ค Acer Nitro 16 AN16-41-R4ZR Gaming Notebook,"฿37,990",AMD Ryzen 5 7640HS,16GB DDR5,NVIDIA GeForce RTX 4050 Laptop,512GB SSD,"1920 x 1200 16"" 165Hz IPS"
โน๊ตบุ๊ค MSI Bravo 15 C7VFK-097TH Gaming Notebook,"฿42,990",AMD Ryzen 7 7735HS,16GB DDR5,NVIDIA GeForce RTX 4060 Laptop,512GB SSD,"1920 x 1080 (Full HD) 15.6"" 144Hz IPS"
โน๊ตบุ๊ค MSI Thin GF63 12UCX-463TH Gaming Notebook,"฿26,990",Intel Core i5-12450H,16GB DDR4,NVIDIA GeForce RTX 2050 Laptop,512GB SSD,"1920 x 1080 (Full HD) 15.6"" 144Hz IPS"
โน๊ตบุ๊ค MSI Katana 15 B13VFK-1086TH Gaming Notebook,"฿56,990",Intel Core i9-13900H,16GB DDR5,NVIDIA GeForce RTX 4060 Laptop,1TB SSD,"2560 x 1440 (2K QHD) 15.6"" 165Hz IPS"
โน๊ตบุ๊ค MSI Katana 15 B13VGK-1203TH Gaming Notebook,"฿53,490",Intel Core i5-13420H,16GB DDR5,NVIDIA GeForce RTX 4070 Laptop,1TB SSD,"2560 x 1440 (2K QHD) 15.6"" 165Hz IPS"
โน๊ตบุ๊ค MSI Katana 15 B13VGK-1087TH Gaming Notebook,"฿47,990",Intel Core i7-13620H,16GB DDR5,NVIDIA GeForce RTX 4070 Laptop,1TB SSD,"2560 x 1440 (2K QHD) 15.6"" 165Hz IPS"
โน๊ตบุ๊ค MSI Katana 17 B13VEK-453TH Gaming Notebook,"฿44,990",Intel Core i7-13620H,16GB DDR5,NVIDIA GeForce RTX 4050 Laptop,512GB SSD,"1920 x 1080 (Full HD) 17.3"" 144Hz IPS"
โน๊ตบุ๊ค MSI Katana 17 B13VFK-620TH Gaming Notebook,"฿49,990",Intel Core i9-13900H,16GB DDR5,NVIDIA GeForce RTX 4060 Laptop,1TB SSD,"2560 x 1440 (2K QHD) 17.3"" 240Hz IPS"
โน๊ตบุ๊ค Acer Predator Helios Neo 16 PHN16-71-77BW Gaming Notebook,"฿46,990",Intel Core i7-13700HX,16GB DDR5,NVIDIA GeForce RTX 4050 Laptop,512GB SSD,"2560 x 1600 16"" 165Hz IPS"
โน๊ตบุ๊ค Acer Predator Helios Neo 16 PHN16-71-53TD Gaming Notebook,"฿42,990",Intel Core i5-13500HX,16GB DDR5,NVIDIA GeForce RTX 4050 Laptop,512GB SSD,"2560 x 1600 16"" 165Hz IPS"
โน๊ตบุ๊ค HP Omen 16-xf0050AX Gaming Notebook,"฿49,990",AMD Ryzen 7 7840HS,16GB DDR5,NVIDIA GeForce RTX 4060 Laptop,1TB SSD,"2560 x 1440 (2K QHD) 16.1"" 240Hz IPS"
โน๊ตบุ๊ค HP Omen 16-wf0108TX Gaming Notebook,"฿62,990",Intel Core i9-13900HX,32GB DDR5,NVIDIA GeForce RTX 4060 Laptop,1TB SSD,"2560 x 1440 (2K QHD) 16.1"" 240Hz IPS"
โน๊ตบุ๊ค HP Omen 16-u0054TX Gaming Notebook,"฿89,990",Intel Core i9-13900HX,32GB DDR5,NVIDIA GeForce RTX 4070 Laptop,1TB SSD,"2560 x 1600 16"" 240Hz"
โน๊ตบุ๊ค HP Victus 16-s0080AX Gaming Notebook,"฿39,990",AMD Ryzen 7 7840HS,16GB DDR5,NVIDIA GeForce RTX 4050 Laptop,512GB SSD,"1920 x 1080 (Full HD) 16.1"" 144Hz IPS"
โน๊ตบุ๊ค HP Victus 16-r0133TX Gaming Notebook,"฿38,990",Intel Core i5-13500HX,16GB DDR5,NVIDIA GeForce RTX 4050 Laptop,512GB SSD,"1920 x 1080 (Full HD) 16.1"" 165Hz IPS"
โน๊ตบุ๊ค MSI Vector GP78HX 13VH-281TH Gaming Notebook,"฿102,990",Intel Core i9-13980HX,32GB DDR5,NVIDIA GeForce RTX 4080 Laptop,1TB SSD,"2560 x 1600 17"" 240Hz IPS"
โน๊ตบุ๊ค MSI Stealth 14 Studio A13VE-204TH Gaming Notebook,"฿56,990",Intel Core i7-13620H,16GB DDR5,NVIDIA GeForce RTX 4050 Laptop,512GB SSD,"2560 x 1600 14"" 240Hz IPS"
โน๊ตบุ๊ค MSI Stealth 16 Studio A13VF-221TH Gaming Notebook,"฿79,990",Intel Core i9-13900H,32GB DDR5,NVIDIA GeForce RTX 4060 Laptop,1TB SSD,"2560 x 1600 16"" 240Hz IPS"
โน๊ตบุ๊ค MSI Stealth 17 Studio A13VH-085TH Gaming Notebook,"฿129,990",Intel Core i9-13900H,32GB DDR5,NVIDIA GeForce RTX 4080 Laptop,2TB SSD,"3840 x 2160 (4K UHD) 17.3"" 144Hz IPS"
โน๊ตบุ๊ค Lenovo IdeaPad Gaming 3 15IAH7-82S9014GTA Gaming Notebook,"฿27,990",Intel Core i5-12450H,8GB DDR4,NVIDIA GeForce RTX 3050 Laptop,512GB SSD,"1920 x 1080 (Full HD) 15.6"" 120Hz IPS"
โน๊ตบุ๊ค Acer Predator Helios Neo 16 PHN16-71-71EE Gaming Notebook,"฿49,990",Intel Core i7-13700HX,16GB DDR5,NVIDIA GeForce RTX 4060 Laptop,512GB SSD,"2560 x 1600 16"" 165Hz IPS"
โน๊ตบุ๊ค Acer Predator Helios Neo 16 PHN16-71-58MD Gaming Notebook,"฿39,990",Intel Core i5-13500HX,16GB DDR5,NVIDIA GeForce RTX 4050 Laptop,512GB SSD,"1920 x 1200 16"" 165Hz IPS"
โน๊ตบุ๊ค Asus ROG Flow Z13 GZ301VV-MU020WS Gaming Notebook,"฿69,990",Intel Core i9-13900H,16GB DDR5,NVIDIA GeForce RTX 4060 Laptop,1TB SSD,"2560 x 1600 13.4"" 165Hz IPS"
โน๊ตบุ๊ค Asus ROG Strix G18 G814JV-N6037W Gaming Notebook,"฿69,990",Intel Core i9-13980HX,16GB DDR5,NVIDIA GeForce RTX 4060 Laptop,1TB SSD,"2560 x 1600 18"" 240Hz IPS"
โน๊ตบุ๊ค Asus ROG Zephyrus G14 GA402XV-N2072WS Gaming Notebook,"฿67,990",AMD Ryzen 9 7940HS,16GB DDR5,NVIDIA GeForce RTX 4060 Laptop,1TB SSD,"2560 x 1600 14"" 165Hz IPS"
โน๊ตบุ๊ค Asus ROG Strix G16 G614JU-N3103W Gaming Notebook,"฿54,990",Intel Core i9-13980HX,16GB DDR5,NVIDIA GeForce RTX 4050 Laptop,512GB SSD,"1920 x 1200 16"" 165Hz IPS"
โน๊ตบุ๊ค Asus ROG Zephyrus G16 GU603ZU-N3030WS Gaming Notebook,"฿44,990",Intel Core i7-12700H,16GB DDR4,NVIDIA GeForce RTX 4050 Laptop,512GB SSD,"1920 x 1200 16"" 165Hz IPS"
โน๊ตบุ๊ค HP Victus 16-d1213TX Gaming Notebook,"฿26,990",Intel Core i5-12500H,8GB DDR5,NVIDIA GeForce RTX 3050 Laptop,512GB SSD,"1920 x 1080 (Full HD) 16.1"" 144Hz IPS"
โน๊ตบุ๊ค Asus TUF A15 FA507XI-HQ015W Gaming Notebook,"฿49,990",AMD Ryzen 9 7940HS,16GB DDR5,NVIDIA GeForce RTX 4070 Laptop,1TB SSD,"2560 x 1440 (2K QHD) 15.6"" 165Hz IPS"
โน๊ตบุ๊ค Gigabyte G5 MF-F2TH313SH Gaming Notebook,"฿27,990",Intel Core i5-12450H,16GB DDR4,NVIDIA GeForce RTX 4050 Laptop,512GB SSD,"1920 x 1080 (Full HD) 15.6"" 144Hz"
โน๊ตบุ๊ค Asus ROG Flow Z13 GZ301VV-MU015WS Gaming Notebook,"฿69,990",Intel Core i9-13900H,16GB DDR5,NVIDIA GeForce RTX 4060 Laptop,1TB SSD,"2560 x 1600 13.4"" 165Hz IPS"
โน๊ตบุ๊ค Colorful X15 AT23-i7/16/512 Gaming Notebook,"฿52,980",Intel Core i7-13700HX,16GB DDR5,NVIDIA GeForce RTX 4060 Laptop,512GB SSD,"2560 x 1440 (2K QHD) 15.6"" 165Hz"
โน๊ตบุ๊ค MSI Raider GE68HX 13VG-201TH Gaming Notebook,"฿89,990",Intel Core i9-13980HX,32GB DDR5,NVIDIA GeForce RTX 4070 Laptop,2TB SSD,"2560 x 1600 16"" 240Hz IPS"
โน๊ตบุ๊ค Asus ROG Strix G17 G713PU-LL043W Gaming Notebook,"฿49,990",AMD Ryzen 9 7845HX,16GB DDR5,NVIDIA GeForce RTX 4050 Laptop,1TB SSD,"2560 x 1440 (2K QHD) 17.3"" 240Hz IPS"
โน๊ตบุ๊ค MSI Raider GE68HX 13VG-023TH Gaming Notebook,"฿119,990",Intel Core i7-13700HX,32GB DDR5,NVIDIA GeForce RTX 4070 Laptop,2TB SSD,"3840 x 2400 16"" 120Hz IPS"
โน๊ตบุ๊ค MSI Raider GE68HX 13VG-022TH Gaming Notebook,"฿124,990",Intel Core i9-13950HX,32GB DDR5,NVIDIA GeForce RTX 4070 Laptop,2TB SSD,"3840 x 2400 16"" 120Hz IPS"
โน๊ตบุ๊ค MSI Pulse 17 B13VFK-098TH Gaming Notebook,"฿70,990",Intel Core i7-13700H,32GB DDR5,NVIDIA GeForce RTX 4060 Laptop,1TB SSD,"1920 x 1080 (Full HD) 17.3"" 144Hz IPS"
โน๊ตบุ๊ค MSI Katana 17 B12UDXK-451TH Gaming Notebook,"฿35,990",Intel Core i7-12650H,8GB DDR5,NVIDIA GeForce RTX 3050 Laptop,512GB SSD,"1920 x 1080 (Full HD) 17.3"" 144Hz IPS"
โน๊ตบุ๊ค Lenovo IdeaPad Gaming 3 15ARH7-82SB00JATA Gaming Notebook,"฿39,990",AMD Ryzen 5 7535HS,8GB DDR5,NVIDIA GeForce RTX 4050 Laptop,512GB SSD,"2560 x 1440 (2K QHD) 15.6"" 165Hz IPS"
โน๊ตบุ๊ค Asus TUF F17 FX707ZC4-HX035W Gaming Notebook,"฿34,990",Intel Core i7-12700H,16GB DDR4,NVIDIA GeForce RTX 3050 Laptop,512GB SSD,"1920 x 1080 (Full HD) 17.3"" 144Hz IPS"
โน๊ตบุ๊ค Asus TUF A15 FA507RF-HN018W Gaming Notebook,"฿23,990",AMD Ryzen 7 6800HS,8GB DDR5,NVIDIA GeForce RTX 2050 Laptop,512GB SSD,"1920 x 1080 (Full HD) 15.6"" 144Hz IPS"
โน๊ตบุ๊ค Asus ROG Strix G17 G713RC-HX032W Gaming Notebook,"฿36,990",AMD Ryzen 7 6800H,16GB DDR5,NVIDIA GeForce RTX 3050 Laptop,512GB SSD,"1920 x 1080 (Full HD) 17.3"" 144Hz IPS"
โน๊ตบุ๊ค Asus ROG Strix G15 G513RC-LP179W Gaming Notebook,"฿29,990",AMD Ryzen 7 6800H,8GB DDR5,NVIDIA GeForce RTX 3050 Laptop,512GB SSD,"1920 x 1080 (Full HD) 15.6"" 144Hz IPS"
โน๊ตบุ๊ค Asus ROG Zephyrus Duo 16 GX650PY-NM032WS Gaming Notebook,"฿159,990",AMD Ryzen 9 7945HX,32GB DDR5,NVIDIA GeForce RTX 4090 Laptop,2TB SSD,"2560 x 1600 16"" 240Hz IPS"
โน๊ตบุ๊ค Lenovo Legion Pro 5 16IRX8-82WK0013TA Gaming Notebook,"฿62,990",Intel Core i7-13700HX,16GB DDR5,NVIDIA GeForce RTX 4060 Laptop,1TB SSD,"2560 x 1600 16"" 240Hz IPS"
โน๊ตบุ๊ค Lenovo Legion Pro 7 16IRX8H-82WQ000JTA Gaming Notebook,"฿99,990",Intel Core i9-13900HX,32GB DDR5,NVIDIA GeForce RTX 4080 Laptop,1TB SSD,"2560 x 1600 16"" 240Hz IPS"
โน๊ตบุ๊ค Gigabyte G5 MF-E2TH333SH Gaming Notebook,"฿27,990",Intel Core i5-12500H,8GB DDR4,NVIDIA GeForce RTX 4050 Laptop,512GB SSD,"1920 x 1080 (Full HD) 15.6"" 144Hz"
โน๊ตบุ๊ค Gigabyte G5 KF-E3TH313SH Gaming Notebook,"฿29,990",Intel Core i5-12500H,16GB DDR4,NVIDIA GeForce RTX 4060 Laptop,512GB SSD,"1920 x 1080 (Full HD) 15.6"" 144Hz"
โน๊ตบุ๊ค Gigabyte AORUS 15 9KF-E3TH583SH Gaming Notebook,"฿34,990",Intel Core i5-12500H,8GB DDR5,NVIDIA GeForce RTX 4060 Laptop,512GB SSD,"1920 x 1080 (Full HD) 15.6"" 360Hz"
โน๊ตบุ๊ค Gigabyte AORUS 15 BKF-73TH754SH Gaming Notebook,"฿39,990",Intel Core i7-13700H,16GB DDR5,NVIDIA GeForce RTX 4060 Laptop,1TB SSD,"2560 x 1440 (2K QHD) 15.6"" 165Hz"
โน๊ตบุ๊ค Gigabyte AORUS 15 BSF-73TH754SH Gaming Notebook,"฿59,990",Intel Core i7-13700H,16GB DDR5,NVIDIA GeForce RTX 4070 Laptop,1TB SSD,"2560 x 1440 (2K QHD) 15.6"" 165Hz"
โน๊ตบุ๊ค Gigabyte AORUS 17 BSF-73TH654SH Gaming Notebook,"฿59,990",Intel Core i7-13700H,16GB DDR5,NVIDIA GeForce RTX 4070 Laptop,1TB SSD,"2560 x 1440 (2K QHD) 17.3"" 240Hz"
โน๊ตบุ๊ค Gigabyte AORUS 15X AKF-D3TH754SH Gaming Notebook,"฿69,990",Intel Core i9-13980HX,16GB DDR5,NVIDIA GeForce RTX 4060 Laptop,1TB SSD,"2560 x 1440 (2K QHD) 15.6"" 165Hz"
โน๊ตบุ๊ค Asus TUF A15 FA507NU-LP031W Gaming Notebook,"฿36,990",AMD Ryzen 7 7735HS,16GB DDR5,NVIDIA GeForce RTX 4050 Laptop,512GB SSD,"1920 x 1080 (Full HD) 15.6"" 144Hz IPS"
โน๊ตบุ๊ค Asus TUF F15 FX507ZC4-HN002W Gaming Notebook,"฿34,990",Intel Core i7-12700H,16GB DDR4,NVIDIA GeForce RTX 3050 Laptop,512GB SSD,"1920 x 1080 (Full HD) 15.6"" 144Hz IPS"
โน๊ตบุ๊ค Asus TUF F17 FX707ZV4-LL021W Gaming Notebook,"฿42,990",Intel Core i7-12700H,16GB DDR4,NVIDIA GeForce RTX 4060 Laptop,512GB SSD,"2560 x 1440 (2K QHD) 17.3"" 240Hz IPS"
โน๊ตบุ๊ค Asus ROG Strix G18 G814JI-N6070W Gaming Notebook,"฿84,990",Intel Core i9-13980HX,32GB DDR5,NVIDIA GeForce RTX 4070 Laptop,1TB SSD,"2560 x 1600 18"" 240Hz IPS"
โน๊ตบุ๊ค Asus ROG Zephyrus G16 GU603VV-N4024WS Gaming Notebook,"฿65,990",Intel Core i9-13900H,16GB DDR4,NVIDIA GeForce RTX 4060 Laptop,1TB SSD,"2560 x 1600 16"" 240Hz IPS"
โน๊ตบุ๊ค MSI Thin GF63 12VE-048TH Gaming Notebook,"฿42,990",Intel Core i5-12450H,16GB DDR4,NVIDIA GeForce RTX 4050 Laptop,512GB SSD,"1920 x 1080 (Full HD) 15.6"" 144Hz IPS"
โน๊ตบุ๊ค MSI Thin GF63 12VE-046TH Gaming Notebook,"฿45,990",Intel Core i7-12650H,16GB DDR4,NVIDIA GeForce RTX 4050 Laptop,512GB SSD,"1920 x 1080 (Full HD) 15.6"" 144Hz IPS"
โน๊ตบุ๊ค MSI Cyborg 15 A12VF-013TH Gaming Notebook,"฿46,990",Intel Core i5-12450H,16GB DDR5,NVIDIA GeForce RTX 4060 Laptop,512GB SSD,"1920 x 1080 (Full HD) 15.6"" 144Hz IPS"
โน๊ตบุ๊ค MSI Katana 15 B12VGK-205TH Gaming Notebook,"฿60,999",Intel Core i5-12450H,16GB DDR5,NVIDIA GeForce RTX 4070 Laptop,1TB SSD,"1920 x 1080 (Full HD) 15.6"" 144Hz IPS"
โน๊ตบุ๊ค MSI Katana 15 B12VGK-097TH Gaming Notebook,"฿63,999",Intel Core i7-12650H,16GB DDR5,NVIDIA GeForce RTX 4070 Laptop,1TB SSD,"1920 x 1080 (Full HD) 15.6"" 144Hz IPS"
โน๊ตบุ๊ค Asus ROG Strix Scar 18 G834JZ-N6020W Gaming Notebook,"฿107,990",Intel Core i9-13980HX,32GB DDR5,NVIDIA GeForce RTX 4080 Laptop,1TB SSD,"2560 x 1600 18"" 240Hz IPS"
โน๊ตบุ๊ค Lenovo Legion 5 15IAH7H-82RB00Q0TA Gaming Notebook,"฿55,990",Intel Core i5-12500H,16GB DDR5,NVIDIA GeForce RTX 3060 Laptop,512GB SSD,"2560 x 1440 (2K QHD) 15.6"" 165Hz IPS"
โน๊ตบุ๊ค Lenovo IdeaPad Gaming 3 15IAH7-82S900WMTA Gaming Notebook,"฿41,990",Intel Core i7-12650H,8GB DDR4,NVIDIA GeForce RTX 3050 Laptop,512GB SSD,"1920 x 1080 (Full HD) 15.6"" 165Hz IPS"
โน๊ตบุ๊ค Colorful X15 XS-i7/16/512 Gaming Notebook,"฿35,980",Intel Core i7-12700H,16GB DDR4,NVIDIA GeForce RTX 3050 Ti Laptop,512GB SSD,"1920 x 1080 (Full HD) 15.6"" 144Hz IPS"
โน๊ตบุ๊ค Colorful X15 XS-i5/16/512 Gaming Notebook,"฿29,980",Intel Core i5-12500H,16GB DDR4,NVIDIA GeForce RTX 3050 Laptop,512GB SSD,"1920 x 1080 (Full HD) 15.6"" 144Hz IPS"
โน๊ตบุ๊ค Lenovo IdeaPad Gaming 3 16IAH7-82SA001KTA Gaming Notebook,"฿44,990",Intel Core i5-12500H,16GB DDR4,NVIDIA GeForce RTX 3060 Laptop,512GB SSD,"1920 x 1200 16"" 165Hz IPS"
โน๊ตบุ๊ค Lenovo IdeaPad Gaming 3 15IAH7-82S900RUTA Gaming Notebook,"฿36,990",Intel Core i5-12450H,8GB DDR4,NVIDIA GeForce RTX 3050 Ti Laptop,512GB SSD,"1920 x 1080 (Full HD) 15.6"" 165Hz IPS"
โน๊ตบุ๊ค Asus TUF F17 FX707ZE-HX066W Gaming Notebook,"฿48,990",Intel Core i7-12700H,16GB DDR5,NVIDIA GeForce RTX 3050 Ti Laptop,512GB SSD,"1920 x 1080 (Full HD) 17.3"" 144Hz IPS"
โน๊ตบุ๊ค Lenovo Legion 5 15IAH7H-82RB00A1TA Gaming Notebook,"฿59,990",Intel Core i7-12700H,16GB DDR5,NVIDIA GeForce RTX 3060 Laptop,512GB SSD,"2560 x 1440 (2K QHD) 15.6"" 165Hz IPS"
